epoch,train_loss,train_top1,train_top5,test_loss,test_top1,test_top5
1,4.6262,1.7,8.15,4.4183,2.63,11.27
2,4.2502,3.42,15.37,4.0582,5.53,22.23
3,3.8758,8.58,28.02,3.6199,11.78,36.88
4,3.4859,15.18,41.13,3.2906,18.77,46.44
5,3.05,23.03,53.28,3.0648,23.49,53.69
6,2.6994,30.22,62.49,2.7507,30.07,63.31
7,2.4508,35.66,68.29,2.8452,29.91,61.19
8,2.2609,39.49,72.52,2.4007,38.4,70.34
9,2.1152,42.96,75.36,2.3026,39.25,72.51
10,2.0095,45.27,77.44,2.1922,41.37,74.24
11,1.9219,47.68,79.14,2.1862,43.6,74.59
12,1.8467,49.16,80.43,2.0732,45.16,76.34
13,1.7923,50.4,81.46,1.9735,47.61,78.46
14,1.7371,51.67,82.31,2.2065,44.16,75.98
15,1.6888,53.11,83.22,2.3277,42.19,73.47
16,1.6539,53.81,83.88,1.8891,50.3,80.44
17,1.6149,54.97,84.58,2.178,44.42,76.15
18,1.5915,55.35,84.85,1.9733,48.87,79.54
19,1.5744,55.71,84.98,1.9867,48.31,78.56
20,1.5559,56.39,85.41,2.0465,47.34,77.74
21,1.5288,56.86,85.95,2.0983,46.75,79.01
22,1.5152,57.25,86.11,2.047,47.93,77.55
23,1.5051,57.46,86.26,2.2013,45.1,75.5
24,1.4879,57.9,86.49,2.0055,48.78,78.71
25,1.4782,58.17,86.54,2.3646,44.06,74.18
26,1.4649,58.7,86.77,2.0699,47.47,77.95
27,1.4563,58.71,87.0,2.2105,46.28,76.36
28,1.4404,59.2,87.24,1.8253,51.24,81.11
29,1.4338,59.31,87.33,2.0688,47.3,77.5
30,1.434,59.37,87.37,1.9873,49.59,80.71
31,1.4119,59.89,87.5,1.8184,51.52,82.15
32,1.4111,60.11,87.64,2.1446,46.17,75.54
33,1.405,60.04,87.83,2.2979,43.88,73.79
34,1.3869,60.28,88.13,2.2926,44.0,74.66
35,1.3961,60.05,87.92,1.8272,52.79,81.47
36,1.3863,60.47,88.02,2.1803,45.9,76.26
37,1.3781,60.77,88.14,1.9204,50.34,80.96
38,1.3768,61.01,88.28,1.9868,50.08,81.07
39,1.366,60.95,88.51,1.9109,50.28,81.36
40,1.363,61.02,88.53,1.6965,54.53,83.62
41,1.3602,61.14,88.34,1.8069,52.65,81.38
42,1.361,61.33,88.49,1.9055,50.11,80.51
43,1.3561,61.59,88.56,1.8848,50.7,80.74
44,1.3505,61.57,88.53,1.9791,49.06,79.52
45,1.3434,61.59,88.71,1.9471,49.81,80.9
46,1.3394,61.69,88.98,2.21,47.26,77.98
47,1.3434,61.6,88.74,1.899,50.08,80.84
48,1.3373,61.78,88.91,2.0896,47.79,77.08
49,1.334,61.76,88.72,1.7868,53.93,82.5
50,1.3368,61.73,88.94,2.1414,46.75,77.5
51,1.329,62.05,89.02,2.01,49.68,80.23
52,1.3293,61.82,88.96,1.6531,54.9,84.1
53,1.3159,62.46,89.16,2.0147,47.95,78.33
54,1.3153,62.29,89.1,1.8443,50.94,81.21
55,1.3263,62.15,89.08,1.8787,51.24,79.78
56,1.31,62.43,89.27,1.7919,53.02,81.11
57,1.3125,62.37,89.19,1.8829,50.81,80.68
58,1.3173,62.26,89.35,2.0259,49.72,80.26
59,1.3143,62.28,89.28,1.7408,53.36,82.26
60,1.3117,62.53,89.2,1.9678,49.13,79.43
61,0.8692,74.49,94.59,1.0632,69.32,92.1
62,0.7282,78.13,95.87,1.0594,70.09,92.39
63,0.6709,79.83,96.52,1.031,71.1,92.75
64,0.6277,80.91,96.86,1.0409,70.96,92.84
65,0.5966,81.79,97.23,1.0622,70.89,92.58
66,0.5665,82.73,97.36,1.0725,70.63,92.51
67,0.5432,83.43,97.67,1.0687,70.96,92.3
68,0.519,84.1,97.77,1.0883,70.78,92.31
69,0.4968,84.67,98.05,1.0905,70.64,92.43
70,0.4839,84.94,98.12,1.1469,70.1,91.86
71,0.4683,85.47,98.17,1.1459,69.88,92.38
72,0.4549,85.94,98.37,1.1298,70.45,92.11
73,0.4441,86.29,98.48,1.1734,70.3,91.57
74,0.4293,86.67,98.61,1.1993,69.32,91.9
75,0.4233,86.64,98.69,1.2226,69.61,91.68
76,0.4215,86.76,98.74,1.2002,69.2,91.55
77,0.4054,87.3,98.78,1.1973,70.09,91.53
78,0.4048,87.2,98.82,1.278,68.25,90.95
79,0.4025,87.46,98.84,1.3189,68.06,91.14
80,0.396,87.46,98.89,1.2493,68.84,91.4
81,0.2739,91.85,99.44,1.0821,72.62,93.06
82,0.2282,93.5,99.6,1.0885,72.87,93.07
83,0.2107,94.1,99.62,1.0899,72.79,93.03
84,0.1977,94.55,99.7,1.1017,72.48,93.12
85,0.1901,94.76,99.72,1.0944,72.6,93.21
86,0.1812,95.07,99.75,1.105,72.53,93.08
87,0.1749,95.22,99.76,1.113,72.55,92.84
88,0.1706,95.44,99.78,1.1218,72.42,93.04
89,0.165,95.54,99.79,1.1316,72.41,92.84
90,0.1593,95.78,99.82,1.1369,72.29,92.83
91,0.157,95.85,99.81,1.1365,72.41,92.78
92,0.1537,95.88,99.81,1.1434,72.41,92.88
93,0.1472,96.21,99.83,1.1475,72.52,92.87
94,0.1439,96.22,99.86,1.1501,72.52,92.68
95,0.1393,96.44,99.86,1.1652,72.15,92.75
96,0.1379,96.46,99.87,1.1637,72.31,92.7
97,0.1346,96.6,99.86,1.1807,72.13,92.64
98,0.1314,96.58,99.87,1.1808,72.25,92.74
99,0.1266,96.93,99.88,1.1797,72.55,92.77
100,0.1269,96.8,99.89,1.1918,72.14,92.68
