epoch,lr,train_loss,train_loss_hard,train_loss_soft,train_top1,train_top5,test_loss,test_top1,test_top5,best_test_top1,epoch_time_sec
1,0.1,6.632437272186279,3.9820316647338867,0.14504442018508912,8.412,27.786,3.740016128540039,12.57,37.83,12.57,27.472261905670166
2,0.1,5.407327492218018,3.226919574432373,0.11855836642980576,19.802,50.176,3.28249504699707,22.66,54.36,22.66,27.36340594291687
3,0.1,4.600311733551026,2.7408677071380616,0.10093368379354477,29.054,63.15,3.835054956817627,23.57,53.9,23.57,27.742372035980225
4,0.1,4.0990777280426025,2.4335313264465332,0.09007225223064423,35.504,70.35,2.6572177406311037,35.35,68.23,35.35,27.275752067565918
5,0.1,3.74143563659668,2.2268973547744753,0.0821245924782753,40.438,74.698,2.573078885650635,37.43,71.14,37.43,27.2677640914917
6,0.1,3.4817962716674806,2.062118566932678,0.07658553102731705,44.312,78.106,2.7254044723510744,36.25,69.63,37.43,27.22460103034973
7,0.1,3.3254815409851073,1.9768120699310303,0.07303360954523086,46.404,79.72,2.587154451751709,40.23,73.12,40.23,26.861385107040405
8,0.1,3.1807254893493653,1.8900838579940795,0.06986511132478714,48.438,81.2,2.3567326898574827,42.95,75.82,42.95,27.11415386199951
9,0.1,3.086873020401001,1.8306716675186157,0.06786053713321685,49.93,82.11,2.4688112686157226,44.07,76.29,44.07,27.251099109649658
10,0.1,2.9999260430145265,1.7766750271224976,0.06598714165210724,51.166,83.18,2.340626555633545,45.0,76.49,45.0,26.850624799728394
11,0.1,2.9358226103210447,1.7437350354766845,0.06449859667301178,52.228,83.52,2.5214516510009766,43.09,74.2,45.0,27.101301908493042
12,0.1,2.8738198612976076,1.7074201797866821,0.0631284304881096,53.042,84.298,2.321236209487915,44.97,77.71,45.0,27.00664710998535
13,0.1,2.828176937255859,1.682317539100647,0.06209431775808334,53.67,84.632,2.481329655456543,43.89,76.71,45.0,26.4601469039917
14,0.1,2.788369087677002,1.6577621517944336,0.061234000376462934,54.46,85.05,2.18509997177124,47.3,78.97,47.3,27.06472873687744
15,0.1,2.771479858932495,1.6409221713256836,0.06096933659791946,54.794,85.23,2.24195753326416,47.5,79.07,47.5,26.914469003677368
16,0.1,2.7304653690338134,1.6178956521224976,0.06004742319107056,55.15,85.462,2.349093268585205,46.91,78.46,47.5,27.474874019622803
17,0.1,2.7123733213043213,1.6164781665802002,0.05950419472813606,55.452,85.57,2.0721493629455567,48.84,81.14,48.84,27.138147115707397
18,0.1,2.6909107550048827,1.5942104871368408,0.05918142202615738,56.152,86.038,2.191167472457886,47.88,79.32,48.84,27.18670105934143
19,0.1,2.6729373611450193,1.5845253928375245,0.05877108330607414,56.096,86.074,2.630760368347168,43.25,76.87,48.84,28.13362193107605
20,0.1,2.6602336265563964,1.5805323775863647,0.05843648236989975,56.068,85.998,2.262230721282959,47.32,78.3,48.84,28.93017601966858
21,0.1,2.6336543382263184,1.562584860496521,0.05788630963563919,56.836,86.428,2.239621413421631,48.44,79.35,48.84,26.565927982330322
22,0.1,2.6166729516601563,1.554416955795288,0.05748326458930969,56.914,86.532,2.0133256214141846,50.68,81.39,50.68,26.95080590248108
23,0.1,2.605755531768799,1.5479611806488036,0.05724296693563461,57.134,86.554,2.2606726654052736,48.2,79.12,50.68,26.656267166137695
24,0.1,2.5884578010559083,1.5294701629638672,0.056991334991455075,57.584,86.99,2.2419633949279785,48.34,78.97,50.68,26.956807136535645
25,0.1,2.5850602590942384,1.5371625618743896,0.05676496809005737,57.42,86.814,2.2805396942138674,47.32,78.38,50.68,27.14621901512146
26,0.1,2.5715786668395997,1.5260463105010986,0.056517359778881074,57.682,86.866,2.1000058235168457,50.81,81.65,50.81,26.529165029525757
27,0.1,2.5682332820129394,1.5186334714508056,0.05652864201307297,57.614,87.198,2.1329449893951415,49.55,81.32,50.81,26.349969148635864
28,0.1,2.548589546203613,1.5118502267074585,0.056020763471126556,58.032,87.31,1.9596569389343261,51.61,82.73,51.61,26.31275224685669
29,0.1,2.545641413269043,1.5054485455703734,0.05602866069078445,58.324,87.192,2.097854690551758,50.09,80.28,51.61,26.354678869247437
30,0.1,2.5402327699279783,1.5035715224456787,0.05588896903753281,58.474,87.098,2.276365880584717,47.25,79.56,51.61,26.576393842697144
31,0.1,2.536508147125244,1.5010217184448242,0.055812415255308154,58.222,87.302,2.2230389976501463,48.39,79.45,51.61,117.32600617408752
32,0.1,2.5240341593933104,1.4977133304214478,0.05547429648518562,58.306,87.42,2.3093480907440185,47.23,78.03,51.61,26.79306411743164
33,0.1,2.5175849449920653,1.4865161768341064,0.05544771426320076,58.656,87.43,2.7467037456512453,41.85,73.86,51.61,26.84479594230652
34,0.1,2.516032998352051,1.4845640323638916,0.05542971810102463,58.59,87.612,2.244783759689331,49.42,79.66,51.61,27.09735083580017
35,0.1,2.5111782290649414,1.4910460088729858,0.05517672574281692,58.58,87.398,2.186775061798096,49.87,80.11,51.61,27.21113085746765
36,0.1,2.4924290838623047,1.4780981826019286,0.054793124840259555,58.83,87.736,2.0061302257537843,50.03,82.01,51.61,26.774589776992798
37,0.1,2.488417985076904,1.473420132598877,0.05474087233304977,59.064,87.768,2.1661549560546876,49.29,79.75,51.61,27.441231966018677
38,0.1,2.483748879699707,1.4716033911895752,0.05462334939837456,59.194,87.74,2.2963530586242675,47.61,78.51,51.61,26.855844020843506
39,0.1,2.48165200843811,1.4695537924575806,0.05458984724879265,59.128,87.808,1.9343856323242188,52.99,83.18,52.99,26.62488341331482
40,0.1,2.4811095544433592,1.4690112816619874,0.05458137222290039,59.108,87.844,2.01917975769043,51.16,81.79,52.99,26.671334981918335
41,0.1,2.4682326963806154,1.4596255835342407,0.05432562208771705,59.34,87.978,1.9897853996276855,51.0,81.87,52.99,26.547548055648804
42,0.1,2.4670216986846922,1.4590355187988282,0.05429699795484543,59.33,87.972,1.9132537731170653,53.42,82.7,53.42,26.57348108291626
43,0.1,2.445445995788574,1.4453057110977172,0.053837285654544834,59.53,88.092,2.382695998382568,45.29,77.39,53.42,26.914237022399902
44,0.1,2.4421020861816407,1.4411555606842041,0.053797634515762326,59.928,88.002,2.1585377811431883,50.81,81.58,53.42,27.899900913238525
45,0.1,2.445512272644043,1.4452173822784424,0.053840737133026124,59.59,88.184,2.201735688018799,50.46,81.13,53.42,27.16759705543518
46,0.1,2.4525400243377686,1.449809567298889,0.053988601036071775,59.622,87.942,2.2344760313034056,48.01,78.35,53.42,26.770710229873657
47,0.1,2.4441391159057617,1.4439620336151122,0.05381744071245193,59.666,88.15,2.4616366256713866,46.96,77.9,53.42,26.94603705406189
48,0.1,2.4317796269226073,1.4394635307312011,0.053501495769023896,59.942,88.234,2.168713376235962,49.63,80.56,53.42,27.223979949951172
49,0.1,2.436949140625,1.443678610458374,0.0535971823823452,59.798,88.096,2.2013353828430176,50.55,80.59,53.42,27.693044900894165
50,0.1,2.4435721324920654,1.448041487121582,0.053735980660915374,59.716,88.154,2.231324766921997,50.61,80.67,53.42,27.76142978668213
51,0.1,2.4210929071807863,1.4278434022903443,0.05334910017132759,60.264,88.258,2.178314310455322,50.65,81.22,53.42,27.028913259506226
52,0.1,2.4295117279052736,1.4386908410263062,0.05344269698023796,59.998,88.284,1.862971450805664,54.92,83.32,54.92,27.14695906639099
53,0.1,2.4061515103149413,1.4217840935516357,0.052976858140230176,60.092,88.444,2.029930451583862,52.09,82.59,54.92,26.702314138412476
54,0.1,2.4144861182403563,1.4234587856292724,0.05321114776492119,60.006,88.202,2.1359645889282226,50.53,80.52,54.92,27.000276803970337
55,0.1,2.4045374920654297,1.4178553657150268,0.05298780666589737,60.322,88.436,2.042814067840576,51.42,81.52,54.92,26.942532777786255
56,0.1,2.418146769180298,1.4330384866333008,0.05317586017608643,59.956,88.372,2.1474729736328126,50.14,81.46,54.92,27.074945211410522
57,0.1,2.39951082069397,1.424149906387329,0.05273237056851387,60.21,88.34,2.231664270019531,49.96,80.74,54.92,26.674793004989624
58,0.1,2.421940600891113,1.4365597748184205,0.05323939734578133,59.768,88.204,2.1839855419158933,50.08,80.63,54.92,26.650851011276245
59,0.1,2.414754596710205,1.430633279838562,0.05310743609428406,60.062,88.306,2.4182786823272706,47.23,77.07,54.92,27.10680890083313
60,0.010000000000000002,2.3950018730163576,1.4138566725158692,0.05275229813694954,60.492,88.556,2.094533041381836,51.0,80.48,54.92,26.741668224334717
61,0.010000000000000002,1.8711922290802,1.0689077180862427,0.041773074074983596,68.552,92.492,1.3049967290878295,65.71,90.39,65.71,27.04630208015442
62,0.010000000000000002,1.7230334846496582,0.9774646747207641,0.03857191096425056,71.11,93.494,1.2637045642852782,66.6,90.83,66.6,26.510478973388672
63,0.010000000000000002,1.682353554649353,0.9583155067443848,0.03759986876368523,71.402,93.926,1.2599889484405518,66.84,91.14,66.84,26.512449741363525
64,0.010000000000000002,1.642132237548828,0.9234441871261597,0.03688781703352928,72.402,94.218,1.2400856641769409,67.12,91.26,67.12,26.558879375457764
65,0.010000000000000002,1.626963168334961,0.9157321379089356,0.036534284417629244,72.636,94.392,1.2622424432754518,67.08,90.67,67.12,26.93763828277588
66,0.010000000000000002,1.6014239264297485,0.8971983848762513,0.03602577295064926,72.976,94.474,1.2623918579101563,66.99,91.15,67.12,26.876373052597046
67,0.010000000000000002,1.5898856377410888,0.8868418075752258,0.03582702291607857,73.554,94.582,1.2487649433135986,67.38,91.4,67.38,26.85884404182434
68,0.010000000000000002,1.576600401763916,0.8743213979911805,0.03560749065756798,73.754,94.706,1.255236464691162,67.42,91.18,67.42,27.74126887321472
69,0.010000000000000002,1.5714052602386475,0.8719114497566223,0.03548279788374901,73.798,94.71,1.236793341255188,67.45,91.27,67.45,26.784137964248657
70,0.010000000000000002,1.5554204991531373,0.8567794811248779,0.03521971123933792,74.196,94.82,1.2410561826705933,67.65,91.7,67.65,26.37206721305847
71,0.010000000000000002,1.549744249687195,0.8596761676025391,0.03499706764101982,74.176,94.968,1.2708139867782593,67.12,91.15,67.65,26.39533305168152
72,0.010000000000000002,1.539001393814087,0.8401961376380921,0.03496572888255119,74.48,95.172,1.256424580001831,67.59,91.25,67.65,26.53041172027588
73,0.010000000000000002,1.5357778518295289,0.8372040618133545,0.03491174434781075,74.542,95.16,1.273980340385437,67.41,91.15,67.65,26.585236072540283
74,0.010000000000000002,1.529361478767395,0.8329941899299621,0.03477701199769974,74.8,95.128,1.2493636920928954,67.92,91.26,67.92,26.417768955230713
75,0.010000000000000002,1.525936934890747,0.8321690876770019,0.03468288718938828,74.61,95.17,1.2418088161468506,67.97,91.42,67.97,26.434689044952393
76,0.010000000000000002,1.5185753482055664,0.8256586278533935,0.034554563529491426,74.914,95.304,1.2862749965667724,66.74,90.94,67.97,26.491830110549927
77,0.010000000000000002,1.5208065510559081,0.8261640829849243,0.034616391003131866,74.918,95.292,1.2770999938964844,67.32,91.3,67.97,27.002578020095825
78,0.010000000000000002,1.5229271083068847,0.8231498804855346,0.034729755260944364,75.034,95.318,1.2957296007156371,67.3,90.82,67.97,26.21858310699463
79,0.010000000000000002,1.5119649752044677,0.8154554972839355,0.03450741335630417,75.332,95.27,1.317084743499756,66.34,90.76,67.97,26.11032009124756
80,0.0010000000000000002,1.5140216641998292,0.8169424304962158,0.03454845155954361,75.242,95.35,1.2675539121627808,67.19,91.25,67.97,26.170104026794434
81,0.0010000000000000002,1.4103596922683717,0.739069660243988,0.032525776973962785,77.3,96.16,1.1715324535369873,69.47,92.28,69.47,26.329679250717163
82,0.0010000000000000002,1.3840794282531739,0.7211358838653564,0.03198473405599594,77.868,96.166,1.174504817199707,69.25,92.3,69.47,27.694899797439575
83,0.0010000000000000002,1.375916880455017,0.7143465539550782,0.03183573756217956,77.932,96.282,1.168977019882202,69.69,92.31,69.69,27.32026195526123
84,0.0010000000000000002,1.3721337017822266,0.7108942849349975,0.03177145489811897,78.072,96.318,1.1700322822570801,69.53,92.27,69.69,27.02347207069397
85,0.0010000000000000002,1.362882728729248,0.7048127600669861,0.03157738578736782,78.222,96.31,1.1740864055633544,69.53,92.13,69.69,26.785077810287476
86,0.0010000000000000002,1.3579942489624024,0.701431291217804,0.031477456443309786,78.472,96.35,1.1639216243743897,69.61,92.36,69.69,26.923603057861328
87,0.0010000000000000002,1.3553538468170165,0.6985014619064331,0.03144072240233421,78.552,96.328,1.168628041267395,69.65,92.25,69.69,26.816039085388184
88,0.0010000000000000002,1.3530731838226318,0.696700665359497,0.03139758912444115,78.458,96.338,1.1771693056106567,69.68,92.17,69.69,26.71053409576416
89,0.0010000000000000002,1.3544453188323975,0.6990425999832154,0.03140387546181679,78.306,96.352,1.169419836807251,69.73,92.24,69.73,26.660008907318115
90,0.0010000000000000002,1.3475653965759278,0.6914509649658203,0.03130749727487564,78.55,96.416,1.1737468461990357,69.77,92.27,69.77,26.99080204963684
91,0.0010000000000000002,1.3472434740829469,0.6911889505004882,0.031301531199216845,78.846,96.416,1.1707398000717164,69.84,92.19,69.84,27.176679134368896
92,0.0010000000000000002,1.3475011430358887,0.6929647815322876,0.03128183592557907,78.53,96.564,1.178672889137268,69.98,92.18,69.98,26.575130701065063
93,0.0010000000000000002,1.3474880229187012,0.6929256970596314,0.03128203662037849,78.568,96.43,1.168737680053711,69.92,92.37,69.98,26.570427179336548
94,0.0010000000000000002,1.343602211303711,0.6863506911468505,0.03126333958029747,78.726,96.42,1.1778668859481811,69.84,92.15,69.98,26.335038900375366
95,0.0010000000000000002,1.3391822509765625,0.6826618413543701,0.03118285414457321,78.868,96.536,1.1690519575119018,69.79,92.21,69.98,25.682942867279053
96,0.0010000000000000002,1.3407196658325196,0.6848678756713867,0.031196428923606873,78.84,96.518,1.17361922454834,69.67,92.19,69.98,26.061551809310913
97,0.0010000000000000002,1.3410697703552246,0.687014682559967,0.031173825942277907,78.832,96.496,1.1702405870437622,69.55,92.29,69.98,25.76356291770935
98,0.0010000000000000002,1.3396485959243774,0.6824841088294983,0.031200204457640646,78.93,96.572,1.1746127122879029,69.69,92.33,69.98,25.911025047302246
99,0.0010000000000000002,1.3314555184173584,0.6744354749679565,0.031069930691719056,79.194,96.55,1.1763715272903443,69.9,92.24,69.98,26.972084045410156
100,0.0010000000000000002,1.3347475968170166,0.6802039777755737,0.0310826752448082,78.91,96.528,1.1726661966323852,69.89,92.27,69.98,26.634121894836426
